id,name
OUR_0496,Facial serum [Гарньер] витамин С (30мл)
OUR_0400,Head&Shoulders | CONDITIONER | основной уход | 200мл
OUR_0263,Post-shave balm Nivea Men - sensitive / 100мл
OUR_0257,Жиллетт | Піна для гоління | series | 250мл
OUR_0024,Hair cleanser Syoss Professional - repair / 440мл
OUR_0077,ice chill Гель д/тіла Axe 250мл
OUR_0466,огурец и зеленый чай Body wash Dove 250мл
OUR_0470,LIPSTICK [Maybelline NY] superstay matte ink (750мл)
OUR_0199,Nivea Care FACE TONER освежающий 200мл
OUR_0411,magic oil розовый жасмин SHOWER GEL Fa 300мл
OUR_0006,питание Shamp Pantene 200мл
OUR_0146,DEODORANT Nivea - fresh natural / 150мл
OUR_0442,glam shine Блиск сяючий LOREAL PARIS 6мл
OUR_0169,SECRET | Дезодорант-антиперспірант | clinical | 45г
OUR_0046,Кондиціонер [Garnier] sos восстановление (200мл)
OUR_0490,Dove care | Body wash | кокос | 250мл
OUR_0234,Dove care Body butter глубокое увлажнение 300мл
OUR_0460,Dove care | Hand wash | красота и уход | 100мл
OUR_0007,Shamp Эльсев - против выпадения / 400мл
OUR_0072,Fa Men Гель д/тіла sport double power 400мл
OUR_0197,Міцелярка Nivea Care - make-up expert / 400мл
OUR_0137,Паста для чищення зубів [ROCS] бионика (74г)
OUR_0118,sensitive pro-relief TOOTHPASTE Колгейт 75мл
OUR_0241,Тафт Мус для укладки classic 150мл
OUR_0041,COND Gliss - liquid silk / 200мл
OUR_0088,Гель д/тіла LePetitMarseillais - лаванда прованса / 250мл
OUR_0092,нежное отшелушивание Bar soap Дав 100г
OUR_0021,Garnier Fructis Засіб для миття волосся рост во всю силу 400мл
OUR_0406,Herbal Essences | Hair cleanser | алоэ и манго | 50мл
OUR_0214,Очищуючий гель СераВе - очищающий / 236мл
OUR_0100,Dove Hand wash красота и уход 250мл
OUR_0491,Пародонтакс TOOTHPASTE классическая 150мл
OUR_0440,Eye palette [Мейбелин] the nudes (150г)
OUR_0233,Nivea Care | Крем живильний тіло | универсальный | 250мл
OUR_0360,Panty liners [Олвейс] daily fresh (60шт)
OUR_0003,Hair cleanser [Head&Shoulders] для чувствительной кожи (600мл)
OUR_0125,Паста для чищення зубів [Sensodyne] глубокое очищение (75мл)
OUR_0288,BABY WIPES Памперс - fresh clean / 80шт
OUR_0026,LOREAL PARIS SHAMPOO полное восстановление 5 400мл
OUR_0486,Pantene Pro-V Shamp объем 250мл
OUR_0299,Лореаль Туш об'ємна volume million lashes 10.5мл
OUR_0075,Засіб для душу [Old Spice] wolfthorn (400мл)
OUR_0272,mach3 Razor cartridges Gillette Series 4шт
OUR_0324,EYE SHADOW [MAYBELLINE] the nudes (9.6г)
OUR_0195,Micellar cleansing water Гарньер - с маслами / 400мл
OUR_0478,Kids moisturizer Бюбхен - защитный / 200мл
OUR_0082,Дав Крем-душ sensitive skin 500мл
OUR_0424,HAIR WAX Wella Wellaflex - flexible finish / 75мл
OUR_0251,HAIR OIL L'Oreal - экстраординарное / 100мл
OUR_0044,Дав COND питательный уход 200мл
OUR_0343,Toilet water Мекс - fresh woman / 30мл
OUR_0266,whitewater Лосьйон після гоління Олд Спайс 100мл
OUR_0437,Anti-perspirant [Rexona] motion sense (750мл)
OUR_0275,Single-use razors [Жиллетт] blue 3 (6шт)
OUR_0114,детское с медом Косметичне мило Джонсонс 100г
OUR_0022,Garnier Fructis Засіб для миття волосся огуречная свежесть 250мл
OUR_0283,защитный Крем дитячий Bubchen 150мл
OUR_0273,Razor cartridges [Gillette] fusion5 (4шт)
OUR_0348,Toilet water Adidas - get ready / 50мл
OUR_0093,питательное Мило тверде Dove care 135г
OUR_0152,Rexona | Антиперспирант 48h | motion sense | 150мл
OUR_0018,питательный уход Засіб для миття волосся Dove 250мл
OUR_0182,q10 anti-wrinkle FACE CREAM NIVEA 50мл
OUR_0207,Garnier | BB CREAM | skin active | 50мл
OUR_0430,apollo Body spray AXE 150мл
OUR_0475,Body moisturizer [Dove care] purely pampering (75мл)
OUR_0227,Johnsons | Moisturizing milk | мягкость хлопка | 400мл
OUR_0123,Паста для чищення зубів SENSODYNE - мгновенный эффект / 75мл
OUR_0298,Maybelline Lash mascara volume express 10.7мл
OUR_0336,master prime Праймер основа Maybelline NY 30мл
OUR_0309,creme puff Face powder MAX FACTOR 14г
OUR_0025,Shamp Тимотей - чистота и свежесть / 400мл
OUR_0469,LIP GLOSS L'Oreal Paris - glam shine / 500мл
OUR_0168,Дезодорант-антиперспірант [SECRET] delicate (150мл)
OUR_0057,Nivea Care SHOWER GEL крем уход 250мл
OUR_0205,Крем навколо очей Nivea Care - q10 против морщин / 15мл
OUR_0407,Мейбелин Lip color color sensational 125г
OUR_0019,Засіб для миття волосся Нивея - мицеллярный / 400мл
OUR_0096,Palmolive Мило тверде роскошная мягкость 90г
OUR_0027,против ломкости Засіб для миття волосся Лореаль 250мл
OUR_0209,total effects 7 in 1 FACE CREAM OLAY 50мл
OUR_0493,Elseve | Бальзам-ополіскувач | цвет эксперт | 200мл
OUR_0008,для окрашенных волос Засіб для миття волосся Elseve 250мл
OUR_0351,PERFUME DEO [BiEs] blossom garden (75мл)
OUR_0369,cotton Q-tips Белла 200шт
OUR_0445,Кондиціонер TRESemme - keratin smooth / 400мл
OUR_0268,Post-shave lotion Nivea Men - классический / 100мл
OUR_0311,Corrector L'Oreal Paris - infallible / 11мл
OUR_0247,HAIR WAX Wellaflex - flexible finish / 75мл
OUR_0051,Organix COND macadamia oil 385мл
OUR_0053,Ополаскиватель H&S - основной уход / 200мл
OUR_0043,Дав | Бальзам-ополіскувач | интенсивное восстановление | 200мл
OUR_0477,GILLETTE Shave gel fusion proglide 250мл
OUR_0422,CLEANSING GEL Нивея - освежающий / 100мл
OUR_0091,Bar soap Дав - красота и уход / 100г
OUR_0265,series AFTERSHAVE BALM GILLETTE 100мл
OUR_0133,Аквафреш | TOOTHPASTE | тройная защита | 100мл
OUR_0262,NIVEA MEN | SHAVING GEL | deep clean | 200мл
OUR_0399,максимальная защита Паста для чищення зубів Colgate 75мл
OUR_0171,Garnier Men Антиперспирант 48h mineral 150мл
OUR_0056,NIVEA Гель д/тіла свежесть 500мл
OUR_0145,DEODORANT Nivea Care - невидимый для черного и белого / 150мл
OUR_0284,BABY OIL [Johnson's Baby] классическое (200мл)
OUR_0120,Паста для чищення зубів [Блендамед] 3d white (100мл)
OUR_0131,OralB Паста для чищення зубів 3d white luxe 75мл
OUR_0045,Кондиціонер [GARNIER] superfood банан (350мл)
OUR_0473,SOAP BAR [Johnsons] детское с молоком (100г)
OUR_0483,L'Oreal Paris ББ крем тональний magic skin 50мл
OUR_0310,CONCEALER [Maybelline NY] instant anti-age eraser (6мл)
OUR_0420,J&J Baby | Мило дитяче | с медом | 50г
OUR_0373,оригинальные Paper hankies KLEENEX 10шт
OUR_0167,FA Антиперспирант 48h fresh & free 150мл
OUR_0408,Помада стійка Loreal - color riche / 50г
OUR_0252,тройное восстановление Олія відновлююча Garnier 150мл
OUR_0106,Рідке мило для рук Fa - гигиена и свежесть / 250мл
OUR_0260,mach3 SHAVING GEL Жиллетт 200мл
OUR_0396,Body spray fragrance AVON - far away / 400мл
OUR_0076,black Засіб для душу АКС 400мл
OUR_0341,Avon EDT little black dress 50мл
OUR_0136,Splat | Tooth paste | отбеливание плюс | 100мл
OUR_0353,ALWAYS Feminine pads ultra normal plus 36шт
OUR_0494,lash sensational Lash mascara MAYBELLINE 9.5мл
OUR_0174,NIVEA DEO ROLL fresh flower 50мл
OUR_0099,Рідке мило для рук PALMOLIVE - олива / 300мл
OUR_0138,TOOTHPASTE ROCS - активный кальций / 94г
OUR_0320,master precise Олівець контурний очі Мейбелин 0.35г
OUR_0474,Brow styling gel Maybelline - brow fast sculpt / 2.8мл
OUR_0058,цветок кактуса Body wash NIVEA 500мл
OUR_0322,Підводка рідка Мейбелин - hyper precise / 1мл
OUR_0067,Palmolive | Засіб для душу | мягкий и сладкий персик | 500мл
OUR_0232,Palmolive Naturals Body exfoliator спа терапия 250мл
OUR_0462,Fa | Anti-perspirant | sport double power | 150мл
OUR_0228,NIVEA Nourishing body oil интенсивное увлажнение 200мл
OUR_0013,для мужчин Шампунь для волосся SCHAUMA 400мл
OUR_0109,Люкс | SOAP BAR | magical spell | 80г
OUR_0438,Lip shine Мейбелин - lifter gloss / 5.4мл
OUR_0267,OLD SPICE AFTERSHAVE LOTION captain 100мл
OUR_0333,brow fast sculpt BROW GEL Maybelline 2.8мл
OUR_0344,EDT MEXX - ice touch man / 50мл
OUR_0450,Tooth paste Colgate - total 12 / 100мл
OUR_0397,Oral B | Tooth paste | 3d white luxe | 500мл
OUR_0264,охлаждающий Post-shave balm Нивея Мен 100мл
OUR_0029,Хербал Эссенсес Шампунь для волосся аргановое масло 400мл
OUR_0355,Feminine pads Always - platinum ultra night / 14шт
OUR_0063,Засіб для душу Dove care - огурец и зеленый чай / 500мл
OUR_0015,Clear Men Засіб для миття волосся ледяная свежесть 400мл
OUR_0115,Colgate TOOTHPASTE тройное действие 100мл
OUR_0312,MAYBELLINE Lip color color sensational 4.4г
OUR_0231,DOVE | Скраб відлущуючий | отшелушивающий | 225мл
OUR_0172,Old Spice Deodorant stick captain 50мл
OUR_0020,Hair cleanser [Nivea] для жирных волос (250мл)
OUR_0186,Garnier Крем догляд обличчя основной уход 50мл
OUR_0203,Garnier | Маска догляд обличчя | увлажнение с гиалуроном | 28г
OUR_0444,для чувствительной кожи Міцелярка Garnier skin 100мл
OUR_0050,Herbal Essences | Hair conditioner | кокосовое молоко | 400мл
OUR_0222,Nivea | Body moisturizer | питательный | 400мл
OUR_0173,Deodorant stick [Нивея] black & white (40мл)
OUR_0316,Эссенс | Помада стійка | long lasting | 3.8г
OUR_0087,Ле Пти Марсейе Засіб для душу вербена лимон 250мл
OUR_0365,TAMPAX Feminine tampons compak regular 16шт
OUR_0436,Деттол Hand wash антибактериальное 75мл
OUR_0035,Шампунь для волосся AUSSIE - miracle moist / 300мл
OUR_0378,black Засіб для душу AXE 500мл
OUR_0011,Засіб для миття волосся [GlissKur] гиалурон (250мл)
OUR_0374,Зева Хустинки паперові softis 10шт
OUR_0293,"HUGGIES DIAPERS ultra comfort размер 4, 66шт"
OUR_0386,Palmolive | Body wash | натурэль олива и молочко | 400мл
OUR_0140,Elmex | Tooth paste | sensitive | 75мл
OUR_0319,Олівець контурний губи [ESSENCE] soft & precise (0.78г)
OUR_0384,Garnier Micellar cleansing water с маслами 400мл
OUR_0326,Тіні палетка Essence - eyeshadow palette / 7.5г
OUR_0452,тройное действие TOOTHPASTE COLGATE 100мл
OUR_0037,PANTENE | Бальзам-ополіскувач | густые и крепкие | 360мл
OUR_0413,deep clean SHAVING GEL NIVEA MEN 200мл
OUR_0447,Лореаль | Крем догляд обличчя | гидра тотал 5 | 300мл
OUR_0500,Pantene ProV Відновлююча маска интенсивное восстановление 300мл
OUR_0178,SURE Антиперспирант 48h cotton fresh 150мл
OUR_0255,Fructis Крем незмивний sos восстановление 150мл
OUR_0446,СераВе FACE CREAM увлажняющий 100мл
OUR_0300,MASCARA [Лореаль] telescopic (8мл)
OUR_0282,J&J Baby Крем дитячий увлажняющий 100мл
OUR_0143,клубника Дитяча паста для зубів Colgate 50мл
OUR_0147,Дезодорант-антиперспірант [Nivea] dry impact (150мл)
OUR_0001,SHAMPOO [H&S] против перхоти (400мл)
OUR_0016,Clear | Hair cleanser | против перхоти для женщин | 380мл
OUR_0097,PALMOLIVE | Косметичне мило | ощущение бархата | 90г
OUR_0193,Face foam [LOREAL PARIS] бесконечная свежесть (150мл)
OUR_0208,magic skin BB CREAM LOREAL PARIS 50мл
OUR_0302,fit me FOUNDATION Мейбелин 30мл
OUR_0334,make me brow Гель фіксуючий брови ESSENCE 3.8мл
OUR_0023,Syoss Professional Засіб для миття волосся keratin 500мл
OUR_0162,Old Space | Body spray | bearglove | 150мл
OUR_0390,ментол Засіб для миття волосся H&S 250мл
OUR_0144,frozen Children toothpaste Oral B 75мл
OUR_0323,EYELINER [Лореаль] super liner (6мл)
OUR_0159,DEODORANT [Dove Men+Care] extra fresh (150мл)
OUR_0226,Молочко зволожуюче [Гарньер] ультраупругость (250мл)
OUR_0391,CONCEALER L'Oreal Paris - infallible / 75мл
OUR_0112,увлажняющее LIQUID SOAP Деттол 250мл
OUR_0065,Dove Men+Care Гель д/тіла extra fresh 250мл
OUR_0489,Blendamed | Tooth paste | complete 7 | 750мл
OUR_0170,Anti-perspirant Garnier - mineral невидимый / 150мл
OUR_0329,master strobing HIGHLIGHTER Maybelline NY 6.8г
OUR_0335,infallible PRIMER LOREAL PARIS 35мл
OUR_0224,интенсивный BODY LOTION Дав 400мл
OUR_0465,OldSpice | Засіб для душу | wolfthorn | 75мл
OUR_0499,Прокладки гігієнічні [Kotex] ultra night (24шт)
OUR_0239,HAIR SPRAY [Wella Wellaflex] объем (250мл)
OUR_0404,интенсивный Лосьйон зволожуючий тіло DOVE 250мл
OUR_0429,brow artist Олівець для брів L'Oreal 0.3г
OUR_0012,Schauma Шампунь для волосся 7 трав 400мл
OUR_0074,Old Spice | Гель д/тіла | bearglove | 250мл
OUR_0073,Гель д/тіла OLD SPICE - whitewater / 400мл
OUR_0158,clean comfort DEODORANT Dove MenCare 150мл
OUR_0089,Балеа Body wash creme dusche 300мл
OUR_0032,Засіб для миття волосся [TRESEMME] разглаживающий (400мл)
OUR_0439,Johnson&Johnson | Гель д/тіла | мягкость хлопка | 400мл
OUR_0258,Нивея Мен SHAVING FOAM sensitive 200мл
OUR_0165,Дезодорант-антиперспірант [АКС] apollo (150мл)
OUR_0009,Шампунь для волосся [Elseve L'Oreal] экстраординарное масло (400мл)
OUR_0110,SOAP BAR [Lux] soft touch (80г)
OUR_0059,Body wash NIVEA MEN - active clean / 500мл
OUR_0119,Колгейт Паста для чищення зубів total 12 100мл
OUR_0370,Johnson&Johnson Q-tips для детей 100шт
OUR_0189,Garnier skin | Сироватка для обличчя | витамин С | 30мл
OUR_0200,GARNIER | FACE SCRUB | чистая кожа 3в1 | 150мл
OUR_0163,AXE Effect Дезодорант-антиперспірант black 150мл
OUR_0308,LOREAL PARIS Пудра фінішна true match 9г
OUR_0306,healthy mix Base makeup Bourjois 30мл
OUR_0416,Спрей-догляд Pantene - aqua light / 400мл
OUR_0476,Bi-Es EDT victoria 100мл
OUR_0107,крем-уход Hand wash NIVEA 250мл
OUR_0034,Засіб для миття волосся [Londa] для нормальных волос (250мл)
OUR_0069,йогурт ваниль-мед Засіб для душу FA 250мл
OUR_0180,FACE CREAM Nivea Care - увлажняющий дневной / 50мл
OUR_0342,Toilet water ORIFLAME - eclat / 50мл
OUR_0256,GILLETTE Shave foam sensitive 250мл
OUR_0086,Радокс | Body wash | feel ready | 250мл
OUR_0249,Thermal protector TRESemme - keratin smooth / 200мл
OUR_0307,MAYBELLINE | Пудра фінішна | fit me | 9г
OUR_0303,FOUNDATION [MAYBELLINE] superstay (30мл)
OUR_0179,Sure for Men | Anti-perspirant | active dry | 150мл
OUR_0005,Hair cleanser Пантин - объем / 250мл
OUR_0090,fresh Гель д/тіла Balea Men 300мл
OUR_0217,Лореаль Крем догляд руки восстанавливающий 75мл
OUR_0354,Прокладки гігієнічні Always - ultra super / 32шт
OUR_0157,original Дезодорант-антиперспірант DOVE 150мл
OUR_0315,infallible Lip color Лореаль 5мл
OUR_0081,Засіб для душу [Душ Дас] sport (250мл)
OUR_0196,L'Oreal Міцелярка для всех типов кожи 400мл
OUR_0150,ANTIPERSPIRANT Рексона - невидимая на черном и белом / 150мл
OUR_0164,AXE | DEODORANT | ice chill | 150мл
OUR_0028,Shamp Herbal Essences - алоэ и манго / 400мл
OUR_0488,make-up expert MICELLAR Nivea 75мл
OUR_0215,Nivea | Hand care cream | питательный | 75мл
OUR_0245,мокрый эффект Гель фіксуючий WELLAFLEX 150мл
OUR_0154,Rexona Men Антиперспирант 48h sport defence 150мл
OUR_0225,DOVE | Лосьйон зволожуючий тіло | purely pampering | 400мл
OUR_0185,Лореаль Facial cream возраст эксперт 45+ 50мл
OUR_0468,Lip pencil [ESSENCE] soft & precise (100г)
OUR_0177,SpeedStick Дезодорант-антиперспірант power fresh 50г
OUR_0340,Туалетна вода [AVON] far away (50мл)
OUR_0368,Диски ватні [CLEANIC] pure effect (100шт)
OUR_0083,Johnson&Johnson SHOWER GEL vita-rich лесные ягоды 250мл
OUR_0292,"Nappies Хаггис - elite soft / размер 3, 72шт"
OUR_0379,Bath tissue ZEWA - just 1 / 200мл
OUR_0367,COTTON PADS [Bella] cotton (120шт)
OUR_0294,DIAPER CREAM [BEPANTHEN] защитный (100г)
OUR_0126,Лакалют Tooth paste aktiv 75мл
OUR_0281,с медом Мило дитяче Johnson's Baby 100г
OUR_0105,алоэ Косметичне мило Safeguard 90г
OUR_0350,BiEs Туалетна вода victoria 100мл
OUR_0052,Ополаскиватель Tresemmé - keratin smooth / 400мл
OUR_0219,Крем догляд руки Дав - питательный / 75мл
OUR_0031,Organix | Засіб для миття волосся | аргановое масло Марокко | 385мл
OUR_0498,CLEANSING FOAM [Garnier skin] чистая кожа (400мл)
OUR_0418,LIQUID SOAP Fa - гигиена и свежесть / 250мл
OUR_0314,LIPSTICK L'Oreal - color riche / 4.5г
OUR_0363,O.B. Feminine tampons procomfort normal 16шт
OUR_0417,Tooth paste [Блендамед] 3d white (100мл)
OUR_0448,Мейбелин | LIP GLOSS | lifter gloss | 5.4мл
OUR_0108,Nivea Care | Hand wash | молоко и мед | 250мл
OUR_0464,aqualia thermal Крем догляд обличчя VICHY 100мл
OUR_0134,intense clean TOOTHPASTE Аквафреш 75мл
OUR_0366,Тампакс TAMPONS pearl super 18шт
OUR_0431,Lash mascara [MAYBELLINE] lash sensational (9.5мл)
OUR_0223,Nivea Care | BODY LOTION | q10 укрепляющий | 400мл
OUR_0151,Rexona | ANTIPERSPIRANT | shower fresh | 150мл
OUR_0304,FOUNDATION [L'Oreal Paris] true match (30мл)
OUR_0040,Hair conditioner [Глисс Кур] oil nutritive (200мл)
OUR_0254,Спрей-догляд Pantene Pro-V - aqua light / 150мл
OUR_0269,Shaving razor [Gillette Series] mach3 (1шт)
OUR_0070,Fa Body wash magic oil розовый жасмин 250мл
OUR_0497,ELMEX | Tooth paste | sensitive | 75мл
OUR_0345,AntonioBanderas Парфумована вода blue seduction 50мл
OUR_0414,Sure Men Антиперспирант 48h active dry 300мл
OUR_0101,DOVE | Hand wash | очищение и увлажнение | 250мл
OUR_0451,SYOSS | Кондиціонер д/волосся | color | 500мл
OUR_0421,OLAY | FACE CREAM | regenerist | 50мл
OUR_0317,LIP GLOSS MAYBELLINE - lifter gloss / 5.4мл
OUR_0270,RAZOR [GILLETTE] fusion5 (1шт)
OUR_0237,power Hairspray styling Taft 250мл
OUR_0213,Facial cream [CERAVE] увлажняющий (52мл)
OUR_0017,Dove | Шампунь для волосся | интенсивное восстановление | 400мл
OUR_0036,Balm [Pantene Pro-V] интенсивное восстановление (200мл)
OUR_0166,Фа Антиперспирант 48h sport double power 150мл
OUR_0062,SHOWER GEL Dove - кокос / 250мл
OUR_0492,L'Oreal BB CREAM magic skin 100мл
OUR_0482,FOUNDATION [L'Oreal Paris] true match (30мл)
OUR_0472,Talc powder [Johnson's Baby] классическая (75г)
OUR_0220,Нейтроджина Hand care cream быстрое впитывание 75мл
OUR_0362,DAILY PADS [Котекс] natural normal (40шт)
OUR_0071,xtreme cool Засіб для душу Fa for men 250мл
OUR_0453,dynamique grapefruit SHOWER GEL Камей 100мл
OUR_0192,Пінка очищуюча Garnier skin - чистая кожа / 150мл
OUR_0240,Лак фіксуючий Wella Wellaflex - сильная фиксация / 400мл
OUR_0078,AXE Effect | SHOWER GEL | dark temptation | 400мл
OUR_0330,HIGHLIGHTER Лореаль - glow mon amour / 3г
OUR_0441,DAILY PADS Always - daily fresh / 60шт
OUR_0187,Крем догляд обличчя Garnier skin - чистая кожа актив / 50мл
OUR_0229,purely pampering BODY OIL Dove 200мл
OUR_0296,Johnson's Baby | Гель для купання дитячий | перед сном | 300мл
OUR_0395,DEODORANT [Old Space] whitewater (150мл)
OUR_0291,"Памперс | DIAPERS | active baby | размер 4, 76шт"
OUR_0279,для чувствительной кожи BABY SHAMPOO Bübchen 400мл
OUR_0463,DEO ROLL Рексона - антибактериальный / 75мл
OUR_0467,BLUSH [MAYBELLINE] fit me (100г)
OUR_0305,Base makeup LOREAL PARIS - infallible / 30мл
OUR_0191,CLEANSING GEL [Nivea] очищающий мягкий (150мл)
OUR_0376,just 1 Bath tissue ZEWA 4 рулона
OUR_0014,Шаума | SHAMPOO | fresh it up | 250мл
OUR_0377,macadamia oil Hair conditioner OGX Beauty 75мл
OUR_0010,Глисс Кур | Шампунь для волосся | экстремальное восстановление | 400мл
OUR_0079,Засіб для душу [Камей] romantique (250мл)
OUR_0427,Палмолив SHOWER GEL мягкий и сладкий персик 500мл
OUR_0327,Maybelline | BLUSH | fit me | 4.5г
OUR_0148,silver protect Body spray Nivea Men 150мл
OUR_0433,Johnson&Johnson | SOAP BAR | детское с молоком | 100г
OUR_0325,la palette nude Тіні палетка LOREAL PARIS 7г
OUR_0349,vip Туалетна вода PLAYBOY 60мл
OUR_0206,Eye contour cream LOREAL PARIS - revitalift / 15мл
OUR_0398,Body butter [Dove] глубокое увлажнение (300мл)
OUR_0337,Makeup fixer [LOREAL PARIS] infallible (100мл)
OUR_0064,Dove Men Body wash clean comfort 400мл
OUR_0297,Maybelline MASCARA lash sensational 9.5мл
OUR_0383,Гарньер Шампунь для волосся рост во всю силу 500мл
OUR_0301,Туш об'ємна Essence - lash princess / 12мл
OUR_0216,anti-age q10 Hand care cream Nivea 75мл
OUR_0149,deep Дезодорант-антиперспірант Nivea for Men 150мл
OUR_0033,Tresemmé Шампунь для волосся для объема 400мл
OUR_0380,универсальный Крем живильний тіло Nivea Care 150мл
OUR_0394,Garnier skin Hand care cream интенсивный уход 100мл
OUR_0484,Nivea for Men DEODORANT silver protect 75мл
OUR_0221,HAND CREAM [NEUTROGENA] норвежская формула (50мл)
OUR_0276,DISPOSABLE RAZORS БИК - flex 3 / 4шт
OUR_0055,Mask for hair PANTENE - интенсивное восстановление / 300мл
OUR_0248,Паста для укладки [Axe] natural look (75мл)
OUR_0095,SOAP BAR CAMAY - classique / 85г
OUR_0111,LIQUID SOAP DETTOL - антибактериальное / 250мл
OUR_0381,Засіб для душу Radox - feel refreshed / 150мл
OUR_0139,Элмекс | TOOTHPASTE | защита от кариеса | 75мл
OUR_0409,Shamp GlissKur - экстремальное восстановление / 400мл
OUR_0080,Camay Гель д/тіла dynamique grapefruit 250мл
OUR_0321,LOREAL PARIS | Олівець контурний очі | infallible | 1.2г
OUR_0202,FACE MASK [LOREAL PARIS] магия глины (50мл)
OUR_0479,Shamp [H&S] ментол (500мл)
OUR_0210,Olay Крем догляд обличчя regenerist 50мл
OUR_0425,Nivea Hand wash крем-уход 250мл
OUR_0142,TOOTHPASTE [Президент] white plus (100мл)
OUR_0188,FACE SERUM [Loreal] revitalift гиалурон (30мл)
OUR_0094,SOAP BAR CAMAY - романтик / 85г
OUR_0244,Styling gel TAFT - looks power / 150мл
OUR_0238,ultra Hairspray styling Тафт 250мл
OUR_0347,ADIDAS EDT team five 100мл
OUR_0426,ELSEVE Ополаскиватель полное восстановление 200мл
OUR_0331,Maybelline NY Олівець для брів brow ultra slim 0.05г
OUR_0375,deluxe Bath tissue Зева 8 рулонов
OUR_0129,классическая TOOTHPASTE Parodontax 75мл
OUR_0194,Гарньер Micellar cleansing water для чувствительной кожи 400мл
OUR_0161,OLD SPICE | Body spray | wolfthorn | 150мл
OUR_0318,glam shine Блиск сяючий Loreal 6мл
OUR_0085,Засіб для душу Радокс - feel refreshed / 250мл
OUR_0352,AVON | Спрей ароматичний | far away | 100мл
OUR_0432,GILLETTE Змінні касети venus 20шт
OUR_0261,GILLETTE | Гель для гоління | fusion proglide | 200мл
OUR_0061,Dove | Засіб для душу | питательный | 500мл
OUR_0243,экстра объем HAIR MOUSSE Pantene Pro-V 200мл
OUR_0002,Hair cleanser Head&Shoulders - ментол / 200мл
OUR_0372,NIVEA | WET WIPES | освежающие | 25шт
OUR_0127,TOOTHPASTE [Лакалют] sensitive (75мл)
OUR_0250,Syoss | Thermal protector | heat protect | 150мл
OUR_0230,скрабирующий гель BODY SCRUB Nivea Care 200мл
OUR_0277,Джонсонс Беби | Шампунь дитячий | без слез | 300мл
OUR_0117,optic white TOOTHPASTE Colgate 75мл
OUR_0339,Cleanser makeup Нивея - двухфазное / 125мл
OUR_0455,Нивея | Гель д/тіла | крем уход | 250мл
OUR_0235,Шолль | FOOT CREAM | интенсивное увлажнение | 75мл
OUR_0274,Змінні касети Gillette - venus / 4шт
OUR_0382,Rexona for men | ANTIPERSPIRANT | cobalt dry | 150мл
OUR_0047,Syoss | COND | moisture | 500мл
OUR_0419,SCHAUMA Shamp для мужчин 200мл
OUR_0156,DEODORANT [Dove care] go fresh (150мл)
OUR_0435,Аквафреш | Tooth paste | intense clean | 75мл
OUR_0385,Face foam [Гарньер] чистая кожа (150мл)
OUR_0393,Фа | Anti-perspirant | fresh & free | 150мл
OUR_0485,L'Oreal | Lip color | color riche | 125г
OUR_0313,Maybelline NY Помада стійка superstay matte ink 5мл
OUR_0116,Паста для чищення зубів [COLGATE] максимальная защита (75мл)
OUR_0054,COND AUSSIE - 3 minute miracle / 250мл
OUR_0246,Віск моделюючий Тафт - shine / 75мл
OUR_0461,Gillette Series | Shaving razor | venus | 1шт
OUR_0132,Паста для чищення зубів [Орал Би] pro-expert (75мл)
OUR_0066,Body wash [Palmolive] роскошь масел (500мл)
OUR_0153,Anti-perspirant [Rexona Men] cobalt dry (150мл)
OUR_0184,LOREAL PARIS FACE CREAM гидра тотал 5 50мл
OUR_0121,Blendamed Паста для чищення зубів complete 7 100мл
OUR_0412,Gliss Kur Hair conditioner liquid silk 50мл
OUR_0389,Johnsons | Bar soap | детское с медом | 100г
OUR_0357,Naturella Feminine pads classic night 14шт
OUR_0198,Garnier skin | Тонік очищуючий | основной уход | 200мл
OUR_0387,SENSODYNE Tooth paste мгновенный эффект 75мл
OUR_0253,HAIR SPRAY COND GLISS KUR - экспресс кондиционер / 200мл
OUR_0401,Maybelline NY Eyebrow pencil brow ultra slim 0.05г
OUR_0388,Micellar cleansing water Nivea Care - make-up expert / 50мл
OUR_0104,SOAP BAR Safeguard - классическое / 90г
OUR_0358,ultra normal SANITARY PADS KOTEX 40шт
OUR_0481,для детей Палички ватні Johnsons 100шт
OUR_0434,Hairspray styling WELLAFLEX - объем / 250мл
OUR_0103,Протекс Hand wash cream 300мл
OUR_0155,Body spray [Дав] invisible dry (150мл)
OUR_0295,Sudocrem | Крем під підгузок | классический | 125г
OUR_0160,whitewater Body spray Old Spice 150мл
OUR_0204,FACE MASK Nivea - увлажняющая / 15мл
OUR_0048,Кондиціонер д/волосся Syoss - color / 500мл
OUR_0443,Лореаль | LIP GLOSS | glam shine | 500мл
OUR_0278,с ромашкой Шампунь дитячий J&J Baby 300мл
OUR_0113,Косметичне мило [Джонсонс] детское с молоком (100г)
OUR_0181,Nivea Care FACE CREAM питательный ночной 50мл
OUR_0004,Hair cleanser [Пантин] восстановление (400мл)
OUR_0049,Loreal | Бальзам-ополіскувач | эльсев против ломкости | 400мл
OUR_0102,PROTEX | Hand wash | fresh | 300мл
OUR_0280,Kids soap bar [Johnsons Baby] с молоком (100г)
OUR_0410,Сплат TOOTHPASTE отбеливание плюс 100мл
OUR_0218,интенсивный уход Hand care cream Гарньер 100мл
OUR_0371,KLEENEX | WET WIPES | бережное очищение | 40шт
OUR_0495,SANITARY PADS [ALWAYS] platinum ultra night (14шт)
OUR_0098,PALMOLIVE | Рідке мило для рук | нейтрализующее запах | 300мл
OUR_0212,toleriane sensitive Facial cream LaRochePosay 40мл
OUR_0285,Джонсонс Беби | Олія дитяча | с алоэ | 200мл
OUR_0039,ELSEVE | Ополаскиватель | цвет эксперт | 200мл
OUR_0449,Мейбелин BROW PENCIL brow ultra slim 200г
OUR_0289,Kids wet wipes Хаггис - pure / 56шт
OUR_0459,Дезодорант-антиперспірант [Axe] black (300мл)
OUR_0287,sensitive Kids wet wipes PAMPERS 56шт
OUR_0332,Лореаль | BROW PENCIL | brow artist | 0.3г
OUR_0364,o.b. | TAMPONS | procomfort super | 16шт
OUR_0346,Парфумована вода A.Banderas - queen of seduction / 50мл
OUR_0457,3d white luxe TOOTHPASTE Орал Би 75мл
OUR_0423,AUSSIE | Засіб для миття волосся | miracle moist | 300мл
OUR_0128,Лакалют | Tooth paste | white | 75мл
OUR_0084,мягкость хлопка SHOWER GEL Johnson&Johnson 400мл
OUR_0124,восстановление и защита TOOTHPASTE SENSODYNE 75мл
OUR_0392,SHAVING FOAM Жиллетт - sensitive / 250мл
OUR_0141,PRESIDENT Tooth paste classic 75мл
OUR_0290,"Pampers | Підгузки дитячі | premium care | размер 3, 60шт"
OUR_0259,SHAVING FOAM Nivea Men - охлаждающая / 200мл
OUR_0361,Naturella | Panty liners | light | 52шт
OUR_0176,Body spray Lady Speed Stick - дыхание свежести / 45г
OUR_0356,ultra maxi Feminine pads Натурелла 16шт
OUR_0286,Johnsons Baby | Talc powder | классическая | 100г
OUR_0415,Колгейт | Дитяча паста для зубів | клубника | 250мл
OUR_0122,Blendamed TOOTHPASTE про-эксперт 75мл
OUR_0183,Loreal | FACE CREAM | revitalift лазер | 50мл
OUR_0211,Vichy | Крем догляд обличчя | aqualia thermal | 50мл
OUR_0242,WELLAFLEX Styling mousse мгновенный объем 200мл
OUR_0458,victoria Toilet water Bi-Es 100мл
OUR_0403,invisible dry Body spray DOVE 150мл
OUR_0359,Feminine pads Котекс - ultra night / 14шт
OUR_0428,Johnson&Johnson | Гель д/тіла | vita-rich лесные ягоды | 400мл
OUR_0042,природные минералы Бальзам-ополіскувач Schauma Schwarzkopf 250мл
OUR_0130,TOOTHPASTE Parodontax - с фтором / 75мл
OUR_0135,professional biocalcium Паста для чищення зубів Splat 100мл
OUR_0030,Shamp [OGX Beauty] кокосовое молоко (385мл)
OUR_0480,Loreal | EYE CREAM | revitalift | 15мл
OUR_0471,DOVE MEN+CARE | Гель д/тіла | extra fresh | 100мл
OUR_0402,master prime PRIMER Maybelline NY 30мл
OUR_0328,Cheek color [Лореаль] true match (5г)
OUR_0175,Roll-on deodorant REXONA - антибактериальный / 50мл
OUR_0068,PALMOLIVE | Засіб для душу | натурэль олива и молочко | 750мл
OUR_0454,SHOWER GEL [NIVEA MEN] cool kick (150мл)
OUR_0060,Засіб для душу [NIVEA MEN] cool kick (250мл)
OUR_0038,Эльсев | Бальзам-ополіскувач | полное восстановление | 200мл
OUR_0271,venus Бритва Жиллетт 1шт
OUR_0405,AFTERSHAVE LOTION [Old Space] whitewater (750мл)
OUR_0236,Крем догляд ніг [GEHWOL] для сухой кожи (75мл)
OUR_0190,освежающий Очищуючий гель NIVEA 150мл
OUR_0201,Facial exfoliator [Nivea] очищающий (75мл)
OUR_0456,BIC | Одноразові бритви | flex 3 | 4шт
OUR_0487,Мейбелин EYE PENCIL master precise 125г
OUR_0338,GARNIER | Засіб демакіяж | мицеллярная вода | 125мл
